Number Description;i_Grossbuchstabe;i_Ziffer;d_Hauptberuf_m;d_Hauptberuf_w;d_Hauptberuf;high;medium;low;unskilled;intermediate;share high;share medium;share low;share unskilled
Landwirtschaft, Zucht landwirtschaftlicher Nutztiere, Milchwirtschaft, Molkerei, Wein-, Obst-, Gemüse-, Tabakbau;A;1;2987634;2688482;5676116;0;731075;645258;4299783;0.00%;0.00%;12.88%;11.37%;75.75%
Kunst- und Handelsgärtnerei, einschließlich der damit verbundenen Blumen- und Kranzbinderei, Baumschulen;A;2;75618;16911;92529;0;0;0;92529;0.00%;0.00%;0.00%;0.00%;100.00%
Tierzucht (Bienen, Seidenraupen, Fische, Singvögel, Hunde und dergleichen) ohne die Zucht landwirtschaftlicher Nutztiere, auch zoologische Gärten und Aquarien;A;3;1578;123;1701;0;0;0;1701;0.00%;0.00%;0.00%;0.00%;100.00%
"Forstwirtschaft und Jagd (Zu a sind die Forst- und Jagdbeamten bis einschließlich Oberförster zu zählen. Revierförster, Förster [in Preußen, in anderen Staaten Beamte der entsprechenden Kategorie] gehören zu b; zu c gehören auch Jagd- und Waldhüter, Holzhauer)";A;4;59974;7293;67267;0;14496;52771;0;0.00%;0.00%;21.55%;78.45%;0.00%
Fischerei auf offener See und an den Küsten;A;5;10345;927;11272;0;0;9071;2201;0.00%;0.00%;0.00%;80.47%;19.53%
Fischerei in Binnengewässern;A;6;8504;430;8934;0;0;7285;1649;0.00%;0.00%;0.00%;81.54%;18.46%
Erzgewinnung (Erzbergwerke und Erzgruben), auch Aufbereitung von Erzen;B;1;60883;2675;63558;1232;2434;34040;25852;0.00%;1.94%;3.83%;53.56%;40.68%
Hüttenbetrieb, auch Frisch- und Streckwerke;B;2;199535;5439;204974;3992;5956;36858;158167;0.00%;1.95%;2.91%;17.98%;77.16%
Salzgewinnung (Salzbergwerke und Salinen);B;3;16735;96;16831;395;738;6670;9028;0.00%;2.35%;4.39%;39.63%;53.64%
Gewinnung von Stein- und Braunkohlen, Brikettfabrikation, Koks;B;4;536079;8590;544669;3605;15386;301088;224590;0.00%;0.66%;2.82%;55.28%;41.23%
Gewinnung von Graphit, Asphalt, Erdöl und Bernstein;B;5;1634;121;1755;0;0;415;1340;0.00%;0.00%;0.00%;23.67%;76.33%
Torfgräberei und Torfbereitung;B;6;2903;840;3743;0;0;0;3743;0.00%;0.00%;0.00%;0.00%;100.00%
Steinmetzen, Steinhauer;B;7;18832;125;18957;0;17527;0;1430;0.00%;0.00%;92.46%;0.00%;7.54%
Marmor-, Stein- und Schieferbrüche (ausgenommen Kalkbrüche), Verfertigung von groben Marmor-, Stein- und Schieferwaren;B;8;56792;1010;57802;0;0;14715;43087;0.00%;0.00%;0.00%;25.46%;74.54%
Verfertigung feiner Steinwaren;B;9;4019;857;4876;0;0;3316;1560;0.00%;0.00%;0.00%;68.02%;31.98%
Gewinnung von Kies und Sand;B;10;6715;346;7061;0;0;0;7061;0.00%;0.00%;0.00%;0.00%;100.00%
Gewinnung beziehungsweise Herstellung von Kalk, Zement, Traß, Gips und Schwerspat;B;11;42726;1951;44677;0;0;0;44677;0.00%;0.00%;0.00%;0.00%;100.00%
Verfertigung von Zementwaren, Zementguss;B;12;5661;183;5844;0;0;1511;4333;0.00%;0.00%;0.00%;25.86%;74.14%
Verfertigung von Gipsdielen, Kunststein, Kalksandstein usw.;B;13;3802;278;4080;0;0;1239;2841;0.00%;0.00%;0.00%;30.37%;69.63%
Lehm- und Tongräberei, Kaolingräberei und Schlämmerei, auch Massemühlen, Quarz- und Glasurmühlen;B;14;5400;142;5542;0;0;0;5542;0.00%;0.00%;0.00%;0.00%;100.00%
Ziegelei, Ton- und Steinzeugröhrenfabrikation, Verfertigung von sonstigen Steinzeug;B;15;157572;17888;175460;0;0;25243;150217;0.00%;0.00%;0.00%;14.39%;85.61%
Töpferei (Verfertigung von gewöhnlichen Tonwaren, vgl. B153) ;B;16;17991;1569;19560;0;0;11940;7620;0.00%;0.00%;0.00%;61.04%;38.96%
Verfertigung von feinen Tonwaren, Terralith- und Giderolithwaren;B;17;998;55;1053;0;0;396;657;0.00%;0.00%;0.00%;37.58%;62.42%
Steingut- und Porzellanfabrikation und -veredelung;B;18;14120;6530;20650;0;0;10997;9653;0.00%;0.00%;0.00%;53.25%;46.75%
Glashütten, Glasveredelung, Glasbläserei vor der Lampe, Spiegelglas- und Spiegelfabrikation;B;19;40960;5037;45997;0;0;27201;18796;0.00%;0.00%;0.00%;59.14%;40.86%
Verfertigung von Spielwaren aus Stein, Ton, Porzellan, Glas etc.;B;20;18;8;26;0;0;18;8;0.00%;0.00%;0.00%;70.97%;29.03%
Gold- und Silberschmiede, Juweliere. Sonstige Verarbeitung edler Metalle (Gold- und Silberschläger, Drahtzieher), Münzstätten und Prägeanstalten;B;21;9832;1460;11292;0;0;9497;1795;0.00%;0.00%;0.00%;84.10%;15.90%
Kupferschmiede;B;22;7786;66;7852;0;7409;0;443;0.00%;0.00%;94.36%;0.00%;5.64%
Rot- und Gelbgießer;B;23;3685;27;3712;0;0;3210;502;0.00%;0.00%;0.00%;86.48%;13.52%
Zinngießer;B;24;945;80;1025;0;0;770;255;0.00%;0.00%;0.00%;75.11%;24.89%
Verfertigung von Spielwaren aus Metall, auch soweit sie aus Apparaten, Maschinen usw. bestehen;B;25;95;341;436;0;196;0;240;0.00%;0.00%;45.06%;0.00%;54.94%
Erzgießer, Glockengießer;B;26;276;8;284;0;0;181;103;0.00%;0.00%;0.00%;63.86%;36.14%
Sonstige Verarbeitung unedler Metalle, mit Ausnahme von Eisen, und sonstige Erzeugung und Verarbeitung von Metalllegierungen;B;27;53033;8443;61476;0;0;33403;28073;0.00%;0.00%;0.00%;54.34%;45.66%
Eisengießerei und Emaillierung von Eisen;B;28;99284;2435;101719;2382;2529;50736;46071;0.00%;2.34%;2.49%;49.88%;45.29%
Schwarz- und Weißblechherstellung;B;29;4888;249;5137;125;1212;187;3613;0.00%;2.43%;23.60%;3.64%;70.34%
Klempner;B;30;46504;960;47464;0;45880;0;1584;0.00%;0.00%;96.66%;0.00%;3.34%
Blechwarenfabrikation;B;31;5329;1197;6526;0;2403;0;4123;0.00%;0.00%;36.83%;0.00%;63.17%
Verfertigung von Stiften, Nägeln, Schrauben, Rieten, Ketten, Drahtseilen etc.;B;32;31686;3243;34929;0;14157;0;20772;0.00%;0.00%;40.53%;0.00%;59.47%
Grob- (Huf-) Schmiede;B;33;136086;758;136844;0;133699;0;3145;0.00%;0.00%;97.70%;0.00%;2.30%
Schlosserei, einschließlich Verfertigung von feuerfesten Geldschränken, eisernen Möbeln, eisernen Rollläden, Blitzableitern;B;34;245098;1619;246717;0;236976;0;9741;0.00%;0.00%;96.05%;0.00%;3.95%
Zeug-, Sensen-, Messer-, Scheren-, Gabel-, Waffenschmiede und -schleifer;B;35;33149;1076;34225;0;0;26792;7433;0.00%;0.00%;0.00%;78.28%;21.72%
Feilenhauer;B;36;6663;223;6886;0;5576;0;1310;0.00%;0.00%;80.97%;0.00%;19.03%
Verfertigung von eisernen Kurzwaren;B;37;17282;1698;18980;0;9343;0;9637;0.00%;0.00%;49.23%;0.00%;50.77%
Näh- und Stecknadel-, Nadlerwaren, Drahtgewebe- und Drahtwarenfabrikation;B;38;8335;3724;12059;0;7040;0;5019;0.00%;0.00%;58.38%;0.00%;41.62%
Verfertigung von Schreibfedern aus Stahl, Aluminium usw.;B;39;228;485;713;21;49;59;584;0.00%;2.97%;6.85%;8.26%;81.92%
Verfertigung von Maschinen, Werkzeugen, Apparaten (auch in bezüglichen den Eisenbahnverwaltungen unterstehenden Anstalten), soweit nicht zu den folgenden Nummern 41 - 54 gehörig;B;40;267727;5253;272980;0;188933;0;84047;0.00%;0.00%;69.21%;0.00%;30.79%
Mühlenbauer;B;41;2020;15;2035;0;1686;0;349;0.00%;0.00%;82.84%;0.00%;17.16%
Stellmacher, Wagner, Radmacher, Wagenbauanstalten (auch für Eisenbahn- und Postwagen);B;42;62868;782;63650;0;56092;0;7558;0.00%;0.00%;88.13%;0.00%;11.87%
Automobil- und Fahrräderfabrikation;B;43;9107;660;9767;0;6550;0;3217;0.00%;0.00%;67.07%;0.00%;32.93%
Schiffsbau;B;44;30719;117;30836;0;15222;0;15614;0.00%;0.00%;49.37%;0.00%;50.63%
Büchsenmacher;B;45;2385;22;2407;0;2319;0;88;0.00%;0.00%;96.36%;0.00%;3.64%
Sonstige Verfertigung von Schutzwaffen;B;46;7767;297;8064;493;3631;468;3472;0.00%;6.12%;45.03%;5.80%;43.05%
Verfertigung von Zeitmeßinstrumenten (Uhrmacher);B;47;17053;863;17916;0;15790;0;2126;0.00%;0.00%;88.13%;0.00%;11.87%
Pianofortefabrikation einschließlich Orgelbau und Orchestrionfabrikation;B;48;6966;879;7845;0;5813;0;2032;0.00%;0.00%;74.10%;0.00%;25.90%
Verfertigung von sonstigen musikalischen Instrumenten (mit Ausnahme der Kinderspielwaren);B;49;2233;245;2478;0;1914;0;564;0.00%;0.00%;77.23%;0.00%;22.77%
Verfertigung von mathematischen, physikalischen, chemischen und chirurgischen Instrumenten und Apparaten (auch photographischen Apparaten);B;50;24576;850;25426;0;22583;0;2843;0.00%;0.00%;88.82%;0.00%;11.18%
Verfertigung von Lampen und anderen Beleuchtungsapparaten (soweit nicht unter Nr. 52 und 53 gehörig);B;51;5920;3744;9664;347;292;2830;6196;0.00%;3.59%;3.02%;29.28%;64.12%
Glühstrumpf- und Glühkörperfabrikation;B;52;629;1705;2334;0;0;579;1755;0.00%;0.00%;0.00%;24.83%;75.17%
Elektrotechniker, Herstellung von elektrischen Maschinen, Apparaten, Anlagen etc.;B;53;49258;8438;57696;0;33127;0;24569;0.00%;0.00%;57.42%;0.00%;42.58%
Fabrikation von Erd- und Seekabeln, Leitungsschur und Isoliermaterial;B;54;5961;627;6588;266;952;470;4900;0.00%;4.04%;14.45%;7.13%;74.37%
Chemische, pharmazeutische und photgraphische Präparate;B;55;42857;4919;47776;0;0;12968;34808;0.00%;0.00%;0.00%;27.14%;72.86%
Apotheker;B;56;10085;518;10603;4942;19;3729;1913;0.00%;46.61%;0.18%;35.17%;18.04%
Farbenmaterialien, mit Einschluß von Kohle- und Bleistiftfabrikation, von Tierkohle und Kohlefiltern, Steinkohlenteer- und Kohlenteer-Derivaten;B;57;12529;1338;13867;613;396;2564;10294;0.00%;4.42%;2.85%;18.49%;74.24%
Sprengstoffe;B;58;11094;4400;15494;456;537;1873;12628;0.00%;2.94%;3.47%;12.09%;81.50%
Zündwaren;B;59;1742;1961;3703;0;0;0;3703;0.00%;0.00%;0.00%;0.00%;100.00%
Verarbeitung von Abfuhrstoffen, Knochenmühlen, Düngerfabriken;B;60;2663;165;2828;0;0;0;2828;0.00%;0.00%;0.00%;0.00%;100.00%
Köhlerei, Holzteer-, Ruß-, Pech- und Harzgewinnung;B;61;700;24;724;0;0;266;458;0.00%;0.00%;0.00%;36.69%;63.31%
Gasanstalten;B;62;20571;259;20830;0;0;5051;15779;0.00%;0.00%;0.00%;24.25%;75.75%
Licht- und Seifenfabrikation;B;63;7892;2982;10874;0;0;4070;6804;0.00%;0.00%;0.00%;37.42%;62.58%
Ölmühlen, Ölraffinerie, Pflanzenfettfabrikation;B;64;5511;427;5938;0;0;1559;4379;0.00%;0.00%;0.00%;26.26%;73.74%
Kohlenteerschwelerei, Verfertigung von Mineral- und ätherischen Ölen, Fetten und Firnissen, Verarbeitung von Harzen, Herstellung von Leim;B;65;6306;1267;7573;0;0;2969;4604;0.00%;0.00%;0.00%;39.20%;60.80%
Zubereitung von Spinnstoffen;B;66;5835;5098;10933;0;0;1312;9621;0.00%;0.00%;0.00%;12.00%;88.00%
Spinnerei, Hechelei, Haspelei, Spulerei, Zwirnerei, Wattenfabrikation;B;67;29819;43358;73177;1050;2028;24930;45169;0.00%;1.44%;2.77%;34.07%;61.73%
Weberei;B;68;154711;116351;271062;0;0;156250;114812;0.00%;0.00%;0.00%;57.64%;42.36%
Gummi- und Haarflechterei und -weberei;B;69;473;645;1118;0;0;0;1118;0.00%;0.00%;0.00%;0.00%;100.00%
Strickerei und Wirkerei (Strumpfwarenfabrikation);B;70;4290;12268;16558;0;0;10995;5563;0.00%;0.00%;0.00%;66.40%;33.60%
Häkelei, Stickerei, Spitzenfabrikation;B;71;1303;9351;10654;0;0;6770;3884;0.00%;0.00%;0.00%;63.55%;36.45%
Färberei;B;72;17129;3028;20157;0;0;10098;10059;0.00%;0.00%;0.00%;50.10%;49.90%
Bleicherei, Druckerei, Appretur (auch in Verbindung mit Färberei);B;73;10516;4105;14621;0;0;4834;9787;0.00%;0.00%;0.00%;33.06%;66.94%
Posamentenfabrikation;B;74;5810;4615;10425;0;6227;0;4198;0.00%;0.00%;59.74%;0.00%;40.26%
Seilerei, Reepschlägerei;B;75;5970;1062;7032;0;0;4453;2579;0.00%;0.00%;0.00%;63.32%;36.68%
Verfertigung von Netzen, Segeln, Säcken und dergleichen;B;76;1238;1929;3167;0;1335;0;1832;0.00%;0.00%;42.17%;0.00%;57.83%
Herstellung von Filz und Filzwaren, soweit nicht zu Nr. 129 und 134 gehörig;B;77;1354;539;1893;0;0;639;1254;0.00%;0.00%;0.00%;33.73%;66.27%
Herstellung von Spielwaren aus Filz und Webstoffen;B;78;12;192;204;0;0;48;156;0.00%;0.00%;0.00%;23.30%;76.70%
Verfertigung von Papier, Pappe und Papierwaren, soweit nicht zu Nr. 80 gehörig;B;79;37030;19741;56771;0;0;10181;46590;0.00%;0.00%;0.00%;17.93%;82.07%
Verfertigung von Spielwaren aus Papiermache;B;80;45;26;71;0;0;38;33;0.00%;0.00%;0.00%;53.86%;46.14%
Buchbinderei und Kartonagefabrikation;B;81;28596;13835;42431;0;0;24346;18085;0.00%;0.00%;0.00%;57.38%;42.62%
Lohmühlen, Lohextraktfabrikation;B;82;92;2;94;0;0;50;44;0.00%;0.00%;0.00%;53.38%;46.62%
Gerberei;B;83;22877;1211;24088;0;0;11191;12897;0.00%;0.00%;0.00%;46.46%;53.54%
Lederfärberei und -lackiererei;B;84;1821;117;1938;156;63;853;867;0.00%;8.05%;3.23%;43.99%;44.73%
Ledertreibriemenfabrikation;B;85;852;111;963;0;0;580;383;0.00%;0.00%;0.00%;60.28%;39.72%
Wachstuch- und Ledertuchfabrikation, Linoleumfabrikation;B;86;2117;285;2402;0;0;601;1801;0.00%;0.00%;0.00%;25.03%;74.97%
Riemerei und Sattlerei;B;87;44444;2752;47196;0;43207;0;3989;0.00%;0.00%;91.55%;0.00%;8.45%
Verfertigung von Spielwaren aus Leder oder mit Leder überzogen;B;88;64;87;151;0;0;82;69;0.00%;0.00%;0.00%;54.45%;45.55%
Verfertigung von Tapezierarbeiten;B;89;25548;787;26335;0;0;24973;1362;0.00%;0.00%;0.00%;94.83%;5.17%
Verfertigung von Gummi- und Guttaperchawaren (ausgenommen Geflechte und Gewebe), soweit nicht zu Nr. 91 und 92 gehörig;B;90;12522;4423;16945;330;452;2402;13761;0.00%;1.95%;2.67%;14.17%;81.21%
Gummireifenfabrikation;B;91;123;19;142;0;0;60;82;0.00%;0.00%;0.00%;41.99%;58.01%
Verfertigung von Spielwaren aus Kautschuk;B;92;121;148;269;0;0;33;236;0.00%;0.00%;0.00%;12.26%;87.74%
Holzzurichtung und -konservierung;B;93;43920;1307;45227;0;0;11691;33536;0.00%;0.00%;0.00%;25.85%;74.15%
Verfertigung von groben, glatten Holzwaren und Holzstiften;B;94;25264;2309;27573;0;0;16852;10721;0.00%;0.00%;0.00%;61.12%;38.88%
Tischlerei und Spiegel-, Bilderrahmen- und Parkettfabrikation, Veredelung und Vergoldung;B;95;270862;3608;274470;0;258334;0;16136;0.00%;0.00%;94.12%;0.00%;5.88%
Böttcherei, auch wenn mit Küserei verbunden;B;96;20267;244;20511;0;18967;0;1544;0.00%;0.00%;92.47%;0.00%;7.53%
Korbmacher und Korbflechter;B;97;15468;1943;17411;0;0;14318;3093;0.00%;0.00%;0.00%;82.23%;17.77%
Strohhutfabrikation;B;98;407;839;1246;0;0;627;619;0.00%;0.00%;0.00%;50.34%;49.66%
Sonstige Flechterei und Weberei von Holz, Stroh, Bast, Binsen u.s.w.;B;99;1783;794;2577;0;0;1391;1186;0.00%;0.00%;0.00%;53.99%;46.01%
Drechslerei, Verfertigung. Veredelung und Vergoldung von Dreh- und Schnitzware, auch Korkschneiderei;B;100;22321;1789;24110;0;0;19574;4536;0.00%;0.00%;0.00%;81.19%;18.81%
Verfertigung von Spielwaren aus Holz, Horn und anderen Schnitzstoffen;B;101;355;181;536;0;0;288;248;0.00%;0.00%;0.00%;53.75%;46.25%
Kammmacher;B;102;1312;334;1646;0;0;0;1646;0.00%;0.00%;0.00%;0.00%;100.00%
Bürstenmacher, Verfertigung von Pinseln, Federposen;B;103;6135;2212;8347;0;0;5669;2678;0.00%;0.00%;0.00%;67.92%;32.08%
Stock-, Sonnen- und Regenschirmfabrikation;B;104;4826;3222;8048;0;4518;0;3530;0.00%;0.00%;56.14%;0.00%;43.86%
Getreide-Mahl und Schälmühlen, auch Reisschälmühlen;B;105;52035;2079;54114;0;41138;0;12976;0.00%;0.00%;76.02%;0.00%;23.98%
Bäckerei, Konditorei, Pfefferküchler, Lebküchler (Lebzelter);B;106;157743;28592;186335;0;151007;0;35328;0.00%;0.00%;81.04%;0.00%;18.96%
Rübenzuckerfabrikation und Zuckerraffinerie;B;107;21546;3840;25386;2875;2256;9876;10379;0.00%;11.33%;8.89%;38.90%;40.88%
Stärkezucker- und Fruchtzuckerfabrikation, Melasseverarbeitung, Sirupfabrikation;B;108;857;163;1020;0;0;352;668;0.00%;0.00%;0.00%;34.54%;65.46%
Verfertigung von anderen vegetabilischen Nahrungsmitteln (Nudeln und Makkaroni, Stärke, Kakao, Schokolade, Kaffeesurrogate);B;109;10743;10025;20768;0;0;4874;15894;0.00%;0.00%;0.00%;23.47%;76.53%
Fleischerei;B;110;112180;21051;133231;0;108973;0;24258;0.00%;0.00%;81.79%;0.00%;18.21%
Fischsalzerei und -pökelei, Fischräucherei, -braterei, -marinererei;B;111;1135;986;2121;0;0;675;1446;0.00%;0.00%;0.00%;31.83%;68.17%
Bereitung von kondensierter Milch, Butter- und Käsefabriken, Verfertigung von anderen animalischen Nahrungsmitteln;B;112;16040;4323;20363;0;0;12848;7515;0.00%;0.00%;0.00%;63.10%;36.90%
Konservenfabrikation;B;113;2102;2066;4168;0;0;954;3214;0.00%;0.00%;0.00%;22.88%;77.12%
Herstellung von Nahrungsmitteln für Tiere;B;114;583;72;655;0;274;0;381;0.00%;0.00%;41.76%;0.00%;58.24%
Wasserversorgung, Wasserwerke, Eisbereitung, -bewahrung und -versorgung;B;115;5890;60;5950;390;691;677;4192;0.00%;6.55%;11.62%;11.38%;70.45%
Gewinnung von natürlichen und Fabrikation von künstlichen Mineralwasser;B;116;5275;1094;6369;0;0;0;6369;0.00%;0.00%;0.00%;0.00%;100.00%
Mälzerei;B;117;2064;83;2147;0;0;909;1238;0.00%;0.00%;0.00%;42.35%;57.65%
Brauerei;B;118;50785;1830;52615;0;25852;0;26763;0.00%;0.00%;49.13%;0.00%;50.87%
Branntweinbrennerei, Liquor- und Preßhefefabrikation;B;119;17798;977;18775;0;0;11793;6982;0.00%;0.00%;0.00%;62.81%;37.19%
Schaum- und Obstweinfabrikation, Weinpflege (Weinküfer);B;120;5103;157;5260;0;0;3732;1528;0.00%;0.00%;0.00%;70.96%;29.04%
Essigfabrikation;B;121;1255;149;1404;0;0;713;691;0.00%;0.00%;0.00%;50.82%;49.18%
Tabakfabrikation;B;122;48078;51553;99631;0;0;69539;30092;0.00%;0.00%;0.00%;69.80%;30.20%
Näher und Näherinnen;B;123;649;122883;123532;0;0;116264;7268;0.00%;0.00%;0.00%;94.12%;5.88%
Schneider und Schnederinnen, Kleiderkonfektion;B;124;195862;219325;415187;0;394649;0;20538;0.00%;0.00%;95.05%;0.00%;4.95%
Wäschekonfektion;B;125;4732;22188;26920;0;18131;0;8789;0.00%;0.00%;67.35%;0.00%;32.65%
Putzmacherei;B;126;1358;34869;36227;0;33332;0;2895;0.00%;0.00%;92.01%;0.00%;7.99%
Fertigstellung, Bekleidung und Ausstattung von Puppen;B;127;25;79;104;0;0;57;47;0.00%;0.00%;0.00%;54.96%;45.04%
Verfertigung von künstlichen Blumen und Federschmuck;B;128;802;5021;5823;0;0;3569;2254;0.00%;0.00%;0.00%;61.30%;38.70%
Filzhut- und Mützenmacherei;B;129;8442;6179;14621;0;0;8939;5682;0.00%;0.00%;0.00%;61.14%;38.86%
Kürschnerei und Pelzwarenzurichtung;B;130;7380;2368;9748;0;7675;0;2073;0.00%;0.00%;78.73%;0.00%;21.27%
Handschuhmacher;B;131;3611;2397;6008;0;0;3185;2823;0.00%;0.00%;0.00%;53.02%;46.98%
Verfertigung von Krawatten und Hosenträgern;B;132;959;4500;5459;0;0;4490;969;0.00%;0.00%;0.00%;82.24%;17.76%
Verfertigung von Korsetts;B;133;316;1944;2260;0;833;0;1427;0.00%;0.00%;36.84%;0.00%;63.16%
Schuhmacherei (auch Zeug- und Filzschuhe);B;134;198104;13049;211153;0;191719;0;19434;0.00%;0.00%;90.80%;0.00%;9.20%
Barbiere, Friseure und Perückenmacher;B;135;52003;5223;57226;0;0;56269;957;0.00%;0.00%;0.00%;98.33%;1.67%
Badeanstalten;B;136;2668;1654;4322;0;0;1904;2418;0.00%;0.00%;0.00%;44.05%;55.95%
Wasch- und Plättanstalten, soweit nicht zu Nr. 138 gehörig, Näherinnen, Plätterinnen;B;137;5345;81532;86877;0;0;51476;35401;0.00%;0.00%;0.00%;59.25%;40.75%
Reinigerei (Kleider- und Lappenfärberei, chemische Waschanstalten);B;138;1015;1906;2921;0;0;1594;1327;0.00%;0.00%;0.00%;54.59%;45.41%
Kleiderreiniger, Stiefelwichser, Kammerjäger;B;139;435;32;467;0;0;410;57;0.00%;0.00%;0.00%;87.73%;12.27%
Reinigung von Wohnungen, Wohnungseinrichtungen und sonstigen Gegenständen, Fleckenausmacher, Desinfektionsanstalten;B;140;3560;927;4487;0;0;0;4487;0.00%;0.00%;0.00%;0.00%;100.00%
Bauunternehmung und Bauunterhaltung (Hoch-, Eisenbahn-, Weg- und Wasserbau), soweit nicht zu den folgenden Nummer 142 bis 152 zu zählen;B;141;415918;8516;424434;0;0;86881;337553;0.00%;0.00%;0.00%;20.47%;79.53%
Feldmesser, Geometer, Markscheider, Kulturtechniker und Wiesenbauer;B;142;14010;123;14133;0;8273;560;5301;0.00%;0.00%;58.53%;3.96%;37.51%
Maurer;B;143;361726;1364;363090;0;331674;0;31416;0.00%;0.00%;91.35%;0.00%;8.65%
Zimmerer;B;144;120198;176;120374;0;115903;0;4471;0.00%;0.00%;96.29%;0.00%;3.71%
Glaser;B;145;11625;342;11967;0;11553;0;414;0.00%;0.00%;96.54%;0.00%;3.46%
Stubenmaler, Staffierer, Anstreicher, Tüncher;B;146;123049;717;123766;0;0;120507;3259;0.00%;0.00%;0.00%;97.37%;2.63%
Stubenbohrer;B;147;212;6;218;0;0;184;34;0.00%;0.00%;0.00%;84.33%;15.67%
Stuckateure;B;148;11719;46;11765;0;0;11100;665;0.00%;0.00%;0.00%;94.35%;5.65%
Dachdecker (Ziegel-, Schiefer, Schindel-, Stroh-);B;149;29394;118;29512;0;0;26523;2989;0.00%;0.00%;0.00%;89.87%;10.13%
Steinsetzer, Pflasterer und Asphaltierer;B;150;22528;98;22626;0;0;15078;7548;0.00%;0.00%;0.00%;66.64%;33.36%
Brunnenmacher;B;151;4238;66;4304;0;0;0;4304;0.00%;0.00%;0.00%;0.00%;100.00%
Einrichter von Gas- und Wasseranlagen, auch wenn mit Klempnerei verbunden (Gas und Wasserinstallateure);B;152;15315;301;15616;0;11513;0;4103;0.00%;0.00%;73.72%;0.00%;26.28%
Ofensetzer (auch Töpfer und Ofensetzer) Ofenputzer;B;153;12848;143;12991;0;12110;0;881;0.00%;0.00%;93.22%;0.00%;6.78%
Schornsteinfeger;B;154;5734;75;5809;0;0;0;5809;0.00%;0.00%;0.00%;0.00%;100.00%
Schriftschneiderei und -gießerei;B;155;1202;152;1354;0;0;1094;260;0.00%;0.00%;0.00%;80.83%;19.17%
Holzschnitt;B;156;658;10;668;0;597;0;71;0.00%;0.00%;89.41%;0.00%;10.59%
Buchdruckerei;B;157;61523;11019;72542;0;55288;0;17254;0.00%;0.00%;76.21%;0.00%;23.79%
Stein- und Zinkdruckerei;B;158;12690;1298;13988;0;0;11073;2915;0.00%;0.00%;0.00%;79.16%;20.84%
Kupfer- und Stahldruckerei;B;159;496;27;523;0;0;491;32;0.00%;0.00%;0.00%;93.95%;6.05%
Farbendruckerei;B;160;1185;1725;2910;0;0;1106;1804;0.00%;0.00%;0.00%;37.99%;62.01%
Photographie;B;161;8388;2080;10468;0;4461;0;6007;0.00%;0.00%;42.61%;0.00%;57.39%
Maler und Bildhauer (Künstler);B;162;6784;1057;7841;0;7727;0;114;0.00%;0.00%;98.55%;0.00%;1.45%
Graveure, Steinschneider, Modelleure;B;163;7304;111;7415;0;0;7079;336;0.00%;0.00%;0.00%;95.47%;4.53%
Musterzeichner, Kalligraphen;B;164;1155;147;1302;0;1280;0;22;0.00%;0.00%;98.29%;0.00%;1.71%
Sonstige künstlerische Berufe (mit Ausnahme von Musik, Theater und Schaustellung);B;165;1718;206;1924;0;1707;0;217;0.00%;0.00%;88.70%;0.00%;11.30%
Waren- und Produktenhandel im stehenden Geschäftsbetrieb;C;1;544441;293152;837593;0;427974;225719;183901;0.00%;0.00%;51.10%;26.95%;21.96%
Geld- und Kredithandel;C;2;39783;1778;41561;0;30696;6270;4595;0.00%;0.00%;73.86%;15.09%;11.06%
Buch-, Kunst- und Musikalienhandel, einschließlich Verlag, Antiquariatshandel, Leihbibliotheken;C;3;15500;4172;19672;0;11367;4636;3669;0.00%;0.00%;57.78%;23.57%;18.65%
Zeitungsverlag und -spedition (auch -expedition);C;4;5297;5669;10966;1062;2525;387;6992;0.00%;9.69%;23.02%;3.53%;63.76%
Hausirhandel (einschließlich Straßenhandel);C;5;10381;5893;16274;0;0;0;16274;0.00%;0.00%;0.00%;0.00%;100.00%
Handelsvermittlung (Makler [ausgenommen Schiffsmakler], Kommissionäre, Agenten [ausgenommen Versicherungs- und Schiffsagenten]);C;6;25953;1839;27792;0;26162;663;967;0.00%;0.00%;94.13%;2.39%;3.48%
Hilfsgewerbe des Handels (Stauer, Schauerleute, Taxatoren, Markthelfer, Messer, Wäger, Packer, Sackträger);C;7;20297;1187;21484;0;0;0;21484;0.00%;0.00%;0.00%;0.00%;100.00%
Versteigerung, Verleihung, Aufbewahrung;C;8;4890;676;5566;0;717;2454;2395;0.00%;0.00%;12.88%;44.10%;43.02%
Stellenvermittlung;C;9;1141;3021;4162;0;3954;37;172;0.00%;0.00%;95.00%;0.88%;4.13%
Annoncen-Vermittlung, Auskunftsbüros;C;10;2511;703;3214;0;2879;130;205;0.00%;0.00%;89.58%;4.03%;6.39%
Versicherungsgewerbe;C;11;34258;2138;36396;0;34031;304;2061;0.00%;0.00%;93.50%;0.84%;5.66%
Post- und Telegraphenbetrieb: a) Direktions- und Inspektionspersonal (Direktoren, Inspektoren und Verwaltungsbeamte, Postamtsvorsteher) b) Sonstige Verwaltungs-, Aufsichts- und Büropersonal (außer dem bei c bezeichneten) c) Brief- und Telegrammträger, Postschaffner und Postboten und andere entsprechend Beschäftigte und Diener;C;12;136660;14756;151416;6232;0;145184;0;0.00%;4.12%;0.00%;95.88%;0.00%
Eisenbahnbetrieb, mit Ausschluss des Straßenbahnbetriebs: a) Direktions- und Inspektionspersonal (Direktoren, Inspektoren und Verwaltungsbeamte, Betriebs- und Stationsvorsteher) b) Sonstiges Verwaltungs-, Aufsichts- und Büropersonal (außer dem bei c bezeichneten) c) Eisenbahnschaffner, beim Fahr-, Bahnhofs- und Rangierdienst Beschäftigte, Bahnwärter und andere entsprechend Beschäftigte und Diener;C;13;255788;4487;260275;5120;0;255155;0;0.00%;1.97%;0.00%;98.03%;0.00%
Posthalterei und Personenfuhrwerk;C;14;51945;1264;53209;0;16866;11508;24835;0.00%;0.00%;31.70%;21.63%;46.67%
Straßenbahntrieb;C;15;27256;253;27509;0;2124;13882;11503;0.00%;0.00%;7.72%;50.46%;41.82%
Spedition und Güterbeförderung;C;16;26877;985;27862;0;6294;5440;16127;0.00%;0.00%;22.59%;19.53%;57.88%
Frachtfuhrwerk;C;17;30941;667;31608;0;0;11242;20366;0.00%;0.00%;0.00%;35.57%;64.43%
Reederei und Schiffsbefrachtung;C;18;3345;129;3474;0;0;0;3474;0.00%;0.00%;0.00%;0.00%;100.00%
See- und Küstenschifffahrt;C;19;11480;77;11557;0;909;2207;8442;0.00%;0.00%;7.86%;19.10%;73.04%
Binnenschifffahrt;C;20;33681;865;34546;0;8010;4200;22335;0.00%;0.00%;23.19%;12.16%;64.65%
Hafen- und Lotsendienst, Küstenbewachungs- und -beleuchtungswesen, Schleusen- und Kanalwacht;C;21;3108;12;3120;0;1389;371;1361;0.00%;0.00%;44.50%;11.88%;43.61%
Auswanderungsvermittlung, Reisebüros;C;22;161;33;194;0;135;34;25;0.00%;0.00%;69.80%;17.54%;12.66%
Dienstmannsinstitute und Dienstmänner, Wach- und Schließgesellschaften, Lohndiener, Botengänger, Kofferträger, Fremdenführer und dergleichen;C;23;7914;1158;9072;0;0;0;9072;0.00%;0.00%;0.00%;0.00%;100.00%
Straßenreinigung, Abfuhranstalten und Müllbeseitigung ohne Verwertung der Abfallstoffe;C;24;9166;659;9825;0;0;0;9825;0.00%;0.00%;0.00%;0.00%;100.00%
Abdeckerei;C;25;871;55;926;0;0;926;0;0.00%;0.00%;0.00%;100.00%;0.00%
Leichenbestattung, einschließlich Totengräber;C;26;2575;774;3349;0;1376;0;1973;0.00%;0.00%;41.09%;0.00%;58.91%
Gast- und Schankwirtschaft;C;27;188817;167085;355902;0;133943;53585;168374;0.00%;0.00%;37.63%;15.06%;47.31%
Häusliche Dienste (Aufwartefrauen, nicht ihrer Herrschaft wohnenden Dienende für häusliche Dienste);D;1;26811;175391;202202;0;0;202202;0;0.00%;0.00%;0.00%;100.00%;0.00%
Lohnarbeit wechselnder Art;D;2;86483;33798;120281;0;0;120281;0;0.00%;0.00%;0.00%;100.00%;0.00%
Armee- und Kriegsflotte, auch Armee- und Marineverwaltung (einschließlich Militärärzte): a) Offiziere und Beamte mit gleichstehenden Range, b) Unteroffiziere und Gemeine (auch Verwaltungspersonal vom gleichen Range).;E;1;380471;0;380471;20545;0;359926;0;0.00%;5.40%;0.00%;94.60%;0.00%
Hofstaat, Diplomatie, Reichs-, Staats-, Bezirks-, Gemeinde-, standesherrliche und grundherrliche Verwaltung, sowie Rechtspflege einschließlich Aufsichts- und Dienstpersonal in Gefängnissen, Straf- und Besserungs-, in Armen- und Wohltätigkeitsanstalten: (Beim Forst- und Jagdwesen, beim Bergbau, Hütten- und Salinenwesen, beim Hoch-, Weg- und Wasserbau, beim Post-, Telegraphen- und Eisenbahnwesen, beim Hafen- und Lotsendienst, sowie bei anderen Gewerben angestellte Beamte sind diesen Gewerben zuzuzählen): a) höhere Beamte, Anwälte, Notare usw., b) sonstiges Verwaltungs-, Aufsichts- und Büropersonal, einschließlich Rechner und Schreiber (außer den bei c bezeichneten), c) Dienstpersonal (Portiers, Boten, Bürodiener, Lakaien usw.);E;2;228945;7593;236538;31500;0;205038;0;0.00%;13.32%;0.00%;86.68%;0.00%
Kirche, Gottesdienst, Mission, auch Personal in Anstalten für religiöse Zwecke: a) Geistliche, Missionare, Kirchen- und Anstaltsbeamte, b) Anstaltsinsassen, c) Kirchendiener, Dienstpersonal in Anstalten usw.;E;3;32707;11932;44639;0;37408;7231;0;0.00%;0.00%;83.80%;16.20%;0.00%
"Bildung, Erziehung und Unterricht, Bibliotheken, wissenschaftliche und Kunstsammlungen: (Lehrer an Hochschulen, Gymnasien, Real-, Volksschulen, Gewerbe- und Fachschulen und Waisenhäusern, Inhaber und Lehrer von Privatschulen, Erziehungs-, Blinden-, Taubstummenanstalten, Privat- und Hauslehrer, Erzieher und Erzieherinnen; ferner Personal in Anstalten für Erziehung und Unterricht): a) Direktions- und Lehrpersonal, b) Verwaltungspersonal, c) Dienstpersonal, auch in Anstalten";E;4;120388;55900;176288;48537;116509;11241;0;0.00%;27.53%;66.09%;6.38%;0.00%
Gesundheitspflege und Krankendienst: (Ärzte - mit Ausschluss der Militärärzte - Hebammen, Tierärzte, Personal in Heil- und Pflegeanstalten und Heilbädern, Krankenwärter, Schwestern für Krankenpflege): a) Direktions- und ärztliches Personal, b) Verwaltungspersonal, c) Wartepersonal, d) sonstiges Dienstpersonal;E;5;47718;75641;123359;25349;21277;76733;0;0.00%;20.55%;17.25%;62.20%;0.00%
Privatgelehrte, Schriftsteller, Journalisten;E;6;4806;561;5367;5367;0;0;0;0.00%;100.00%;0.00%;0.00%;0.00%
Stenographen, Privatsekretäre, Rechnungsführer, Rechner, Schreiber;E;7;5101;1492;6593;0;0;6593;0;0.00%;0.00%;0.00%;100.00%;0.00%
Musik, Theater, Schaustellungen aller Art: a) Direktionspersonal, Schauspieler, Musiker, Künstler, b) Verwaltungspersonal (Kassierer, Buchhalter usw.), c) anderes Hilfspersonal;E;8;42288;14022;56310;0;51394;4916;0;0.00%;0.00%;91.27%;8.73%;0.00%
;;;;;;;;;;;;;;
;;;;;;;;;;;;;;
;;;;;;;;;;;;;;
;;;;;;;;;;;;;;
;;;;;;;;;;;;;;
;;;;;;;;;;;;;;
;;;;;;;;;;;;;;
;;;;;;;;;;;;;;
;;;;;;;;;;;;;;
;;;;;;;;;;;;;;
